year_fraction;earnings;earnings_fitted;earnings_fitted_infl
20;9041.666667;9041.666667;9041.666667
20.08;9144.583334;9175.91426;9198.518426
20.17;9247.5;9309.487521;9354.695854
20.25;9350.416667;9442.387802;9510.200302
20.33;9453.333334;9574.616454;9665.03312
20.42;9556.250001;9706.174827;9819.19566
20.5;9659.166667;9837.064272;9972.689272
20.58;9762.083334;9967.28614;10125.51531
20.67;9865.000001;10096.84178;10277.67512
20.75;9967.916667;10225.73255;10429.17005
20.83;10070.83333;10353.95979;10580.00146
20.92;10173.75;10481.52486;10730.17069
21;10276.66667;10608.4291;10879.6791
21.08;10379.58333;10734.67388;11028.52805
21.17;10482.5;10860.26053;11176.71886
21.25;10585.41667;10985.19041;11324.25291
21.33;10688.33333;11109.46488;11471.13154
21.42;10791.25;11233.08527;11617.3561
21.5;10894.16667;11356.05294;11762.92794
21.58;10997.08333;11478.36925;11907.84842
21.67;11100;11600.03555;12052.11888
21.75;11202.91667;11721.05317;12195.74067
21.83;11305.83333;11841.42348;12338.71515
21.92;11408.75;11961.14783;12481.04367
22;11511.66667;12080.22757;12622.72757
22.08;11614.58333;12198.66404;12763.76821
22.17;11717.5;12316.4586;12904.16694
22.25;11820.41667;12433.61261;13043.92511
22.33;11923.33334;12550.1274;13183.04406
22.42;12026.25;12666.00433;13321.52516
22.5;12129.16667;12781.24476;13459.36976
22.58;12232.08334;12895.85002;13596.57919
22.67;12335;13009.82149;13733.15482
22.75;12437.91667;13123.16049;13869.09799
22.83;12540.83334;13235.86839;14004.41006
22.92;12643.75;13347.94654;14139.09237
23;12746.66667;13459.39628;14273.14628
23.08;12849.58334;13570.21898;14406.57314
23.17;12952.5;13680.41597;14539.3743
23.25;13055.41667;13789.98861;14671.55111
23.33;13158.33334;13898.93825;14803.10491
23.42;13261.25;14007.26624;14934.03707
23.5;13364.16667;14114.97393;15064.34893
23.58;13467.08334;14222.06268;15194.04184
23.67;13570;14328.53383;15323.11716
23.75;13672.91667;14434.38873;15451.57623
23.83;13775.83334;14539.62874;15579.42041
23.92;13878.75;14644.2552;15706.65104
24;13981.66667;14748.26948;15833.26948
24.08;14084.58334;14851.67291;15959.27707
24.17;14187.5;14954.46684;16084.67518
24.25;14290.41667;15056.65264;16209.46514
24.33;14393.33334;15158.23165;16333.64832
24.42;14496.25;15259.20522;16457.22605
24.5;14599.16667;15359.5747;16580.1997
24.58;14702.08334;15459.34144;16702.57061
24.67;14805;15558.5068;16824.34013
24.75;14907.91667;15657.07212;16945.50962
24.83;15010.83334;15755.03875;17066.08042
24.92;15113.75;15852.40805;17186.05389
25;15216.66667;15949.18137;17305.43137
25.08;15300.27778;16045.36006;17424.21422
25.17;15383.88889;16140.94546;17542.4038
25.25;15467.5;16235.93894;17660.00144
25.33;15551.11111;16330.34183;17777.0085
25.42;15634.72223;16424.15549;17893.42633
25.5;15718.33334;16517.38128;18009.25628
25.58;15801.94445;16610.02054;18124.4997
25.67;15885.55556;16702.07462;18239.15795
25.75;15969.16667;16793.54488;18353.23238
25.83;16052.77778;16884.43266;18466.72432
25.92;16136.38889;16974.73931;18579.63515
26;16220;17064.4662;18691.9662
26.08;16303.61111;17153.61466;18803.71882
26.17;16387.22222;17242.18605;18914.89438
26.25;16470.83334;17330.18171;19025.49421
26.33;16554.44445;17417.60301;19135.51968
26.42;16638.05556;17504.45129;19244.97212
26.5;16721.66667;17590.7279;19353.8529
26.58;16805.27778;17676.43419;19462.16336
26.67;16888.88889;17761.57152;19569.90485
26.75;16972.5;17846.14123;19677.07873
26.83;17056.11111;17930.14468;19783.68634
26.92;17139.72222;18013.58321;19889.72904
27;17223.33333;18096.45817;19995.20817
27.08;17306.94445;18178.77093;20100.1251
27.17;17390.55556;18260.52282;20204.48115
27.25;17474.16667;18341.7152;20308.2777
27.33;17557.77778;18422.34942;20411.51609
27.42;17641.38889;18502.42684;20514.19767
27.5;17725;18581.94879;20616.32379
27.58;17808.61111;18660.91664;20717.8958
27.67;17892.22222;18739.33173;20818.91506
27.75;17975.83333;18817.19541;20919.38291
27.83;18059.44444;18894.50904;21019.3007
27.92;18143.05556;18971.27396;21118.66979
28;18226.66667;19047.49153;21217.49153
28.08;18310.27778;19123.1631;21315.76727
28.17;18393.88889;19198.29001;21413.49835
28.25;18477.5;19272.87363;21510.68613
28.33;18561.11111;19346.91529;21607.33196
28.42;18644.72222;19420.41636;21703.43719
28.5;18728.33333;19493.37817;21799.00317
28.58;18811.94444;19565.80209;21894.03126
28.67;18895.55555;19637.68946;21988.5228
28.75;18979.16667;19709.04164;22082.47914
28.83;19062.77778;19779.85997;22175.90163
28.92;19146.38889;19850.1458;22268.79164
29;19230;19919.90049;22361.15049
29.08;19313.61111;19989.12539;22452.97956
29.17;19397.22222;20057.82185;22544.28018
29.25;19480.83333;20125.99122;22635.05372
29.33;19564.44444;20193.63484;22725.30151
29.42;19648.05555;20260.75408;22815.02491
29.5;19731.66666;20327.35027;22904.22527
29.58;19815.27778;20393.42478;22992.90395
29.67;19898.88889;20458.97895;23081.06229
29.75;19982.5;20524.01414;23168.70164
29.83;20066.11111;20588.53169;23255.82336
29.92;20149.72222;20652.53296;23342.42879
30;20233.33333;20716.01929;23428.51929
30.08;20271.52777;20778.99204;23514.0962
30.17;20309.72222;20841.45255;23599.16089
30.25;20347.91666;20903.40219;23683.71469
30.33;20386.11111;20964.84229;23767.75896
30.42;20424.30555;21025.77422;23851.29505
30.5;20462.5;21086.19932;23934.32432
30.58;20500.69444;21146.11893;24016.8481
30.67;20538.88889;21205.53443;24098.86776
30.75;20577.08333;21264.44714;24180.38464
30.83;20615.27778;21322.85843;24261.4001
30.92;20653.47222;21380.76965;24341.91548
31;20691.66666;21438.18214;24421.93214
31.08;20729.86111;21495.09726;24501.45142
31.17;20768.05555;21551.51635;24580.47468
31.25;20806.25;21607.44078;24659.00328
31.33;20844.44444;21662.87188;24737.03855
31.42;20882.63889;21717.81101;24814.58185
31.5;20920.83333;21772.25953;24891.63453
31.58;20959.02778;21826.21878;24968.19794
31.67;20997.22222;21879.69011;25044.27344
31.75;21035.41666;21932.67487;25119.86237
31.83;21073.61111;21985.17442;25194.96608
31.92;21111.80555;22037.1901;25269.58593
32;21150;22088.72327;25343.72327
32.08;21188.19444;22139.77527;25417.37944
32.17;21226.38889;22190.34747;25490.5558
32.25;21264.58333;22240.4412;25563.2537
32.33;21302.77778;22290.05782;25635.47449
32.42;21340.97222;22339.19868;25707.21952
32.5;21379.16667;22387.86514;25778.49014
32.58;21417.36111;22436.05853;25849.2877
32.67;21455.55555;22483.78022;25919.61355
32.75;21493.75;22531.03155;25989.46905
32.83;21531.94444;22577.81387;26058.85554
32.92;21570.13889;22624.12854;26127.77438
33;21608.33333;22669.97691;26196.22691
33.08;21646.52778;22715.36032;26264.21449
33.17;21684.72222;22760.28013;26331.73846
33.25;21722.91667;22804.73769;26398.80019
33.33;21761.11111;22848.73435;26465.40101
33.42;21799.30555;22892.27146;26531.54229
33.5;21837.5;22935.35036;26597.22536
33.58;21875.69444;22977.97242;26662.45159
33.67;21913.88889;23020.13899;26727.22232
33.75;21952.08333;23061.8514;26791.5389
33.83;21990.27778;23103.11102;26855.40269
33.92;22028.47222;23143.9192;26918.81503
34;22066.66667;23184.27728;26981.77728
34.08;22104.86111;23224.18662;27044.29079
34.17;22143.05556;23263.64856;27106.3569
34.25;22181.25;23302.66447;27167.97697
34.33;22219.44444;23341.23568;27229.15235
34.42;22257.63889;23379.36355;27289.88439
34.5;22295.83333;23417.04944;27350.17444
34.58;22334.02778;23454.29468;27410.02385
34.67;22372.22222;23491.10064;27469.43397
34.75;22410.41667;23527.46866;27528.40616
34.83;22448.61111;23563.4001;27586.94176
34.92;22486.80556;23598.8963;27645.04213
35;22525;23633.95861;27702.70861
35.08;22550.27778;23668.58839;27759.94256
35.17;22575.55556;23702.78699;27816.74533
35.25;22600.83333;23736.55576;27873.11826
35.33;22626.11111;23769.89605;27929.06272
35.42;22651.38889;23802.80921;27984.58004
35.5;22676.66667;23835.29658;28039.67158
35.58;22701.94444;23867.35953;28094.3387
35.67;22727.22222;23898.9994;28148.58274
35.75;22752.5;23930.21755;28202.40505
35.83;22777.77778;23961.01532;28255.80698
35.92;22803.05556;23991.39406;28308.78989
36;22828.33333;24021.35513;28361.35513
36.08;22853.61111;24050.89987;28413.50404
36.17;22878.88889;24080.02965;28465.23798
36.25;22904.16667;24108.7458;28516.5583
36.33;22929.44445;24137.04968;28567.46634
36.42;22954.72222;24164.94264;28617.96347
36.5;22980;24192.42603;28668.05103
36.58;23005.27778;24219.5012;28717.73036
36.67;23030.55556;24246.1695;28767.00283
36.75;23055.83333;24272.43229;28815.86979
36.83;23081.11111;24298.29091;28864.33257
36.92;23106.38889;24323.74671;28912.39255
37;23131.66667;24348.80105;28960.05105
37.08;23156.94445;24373.45528;29007.30945
37.17;23182.22222;24397.71075;29054.16908
37.25;23207.5;24421.5688;29100.6313
37.33;23232.77778;24445.03079;29146.69746
37.42;23258.05556;24468.09807;29192.3689
37.5;23283.33334;24490.77199;29237.64699
37.58;23308.61111;24513.0539;29282.53307
37.67;23333.88889;24534.94516;29327.02849
37.75;23359.16667;24556.44711;29371.13461
37.83;23384.44445;24577.5611;29414.85276
37.92;23409.72222;24598.28848;29458.18432
38;23435;24618.63062;29501.13062
38.08;23460.27778;24638.58884;29543.69301
38.17;23485.55556;24658.16452;29585.87285
38.25;23510.83334;24677.35899;29627.67149
38.33;23536.11111;24696.17361;29669.09028
38.42;23561.38889;24714.60973;29710.13057
38.5;23586.66667;24732.66871;29750.79371
38.58;23611.94445;24750.35188;29791.08104
38.67;23637.22222;24767.6606;29830.99394
38.75;23662.5;24784.59623;29870.53373
38.83;23687.77778;24801.16011;29909.70178
38.92;23713.05556;24817.3536;29948.49943
39;23738.33334;24833.17804;29986.92804
39.08;23763.61111;24848.63479;30024.98895
39.17;23788.88889;24863.72519;30062.68352
39.25;23814.16667;24878.4506;30100.0131
39.33;23839.44445;24892.81237;30136.97904
39.42;23864.72223;24906.81185;30173.58269
39.5;23890;24920.45039;30209.82539
39.58;23915.27778;24933.72934;30245.70851
39.67;23940.55556;24946.65006;30281.23339
39.75;23965.83334;24959.21388;30316.40138
39.83;23991.11111;24971.42217;30351.21384
39.92;24016.38889;24983.27628;30385.67211
40;24041.66667;24994.77755;30419.77755
40.08;24046.38889;25005.92733;30453.5315
40.17;24051.11111;25016.72699;30486.93532
40.25;24055.83334;25027.17786;30519.99036
40.33;24060.55556;25037.28129;30552.69796
40.42;24065.27778;25047.03865;30585.05949
40.5;24070;25056.45128;30617.07628
40.58;24074.72223;25065.52053;30648.7497
40.67;24079.44445;25074.24775;30680.08108
40.75;24084.16667;25082.63429;30711.07179
40.83;24088.88889;25090.68151;30741.72318
40.92;24093.61111;25098.39075;30772.03659
41;24098.33334;25105.76337;30802.01337
41.08;24103.05556;25112.80071;30831.65488
41.17;24107.77778;25119.50413;30860.96246
41.25;24112.5;25125.87498;30889.93748
41.33;24117.22222;25131.9146;30918.58127
41.42;24121.94445;25137.62436;30946.89519
41.5;24126.66667;25143.00559;30974.88059
41.58;24131.38889;25148.05966;31002.53883
41.67;24136.11111;25152.78791;31029.87124
41.75;24140.83334;25157.19169;31056.87919
41.83;24145.55556;25161.27235;31083.56402
41.92;24150.27778;25165.03125;31109.92708
42;24155;25168.46973;31135.96973
42.08;24159.72222;25171.58915;31161.69331
42.17;24164.44445;25174.39085;31187.09919
42.25;24169.16667;25176.8762;31212.1887
42.33;24173.88889;25179.04653;31236.96319
42.42;24178.61111;25180.9032;31261.42403
42.5;24183.33334;25182.44756;31285.57256
42.58;24188.05556;25183.68096;31309.41012
42.67;24192.77778;25184.60475;31332.93808
42.75;24197.5;25185.22028;31356.15778
42.83;24202.22222;25185.52891;31379.07058
42.92;24206.94445;25185.53199;31401.67782
43;24211.66667;25185.23085;31423.98085
43.08;24216.38889;25184.62687;31445.98103
43.17;24221.11111;25183.72138;31467.67971
43.25;24225.83333;25182.51573;31489.07823
43.33;24230.55556;25181.01129;31510.17795
43.42;24235.27778;25179.20939;31530.98023
43.5;24240;25177.1114;31551.4864
43.58;24244.72222;25174.71865;31571.69782
43.67;24249.44445;25172.03251;31591.61584
43.75;24254.16667;25169.05432;31611.24182
43.83;24258.88889;25165.78543;31630.5771
43.92;24263.61111;25162.22719;31649.62303
44;24268.33333;25158.38097;31668.38097
44.08;24273.05556;25154.24809;31686.85226
44.17;24277.77778;25149.82992;31705.03826
44.25;24282.5;25145.12781;31722.94032
44.33;24287.22222;25140.14311;31740.55978
44.42;24291.94444;25134.87717;31757.898
44.5;24296.66667;25129.33134;31774.95634
44.58;24301.38889;25123.50697;31791.73613
44.67;24306.11111;25117.4054;31808.23874
44.75;24310.83333;25111.02801;31824.46551
44.83;24315.55556;25104.37612;31840.41779
44.92;24320.27778;25097.4511;31856.09693
45;24325;25090.25429;31871.50429
45.08;24314.58333;25082.78705;31886.64122
45.17;24304.16667;25075.05073;31901.50906
45.25;24293.75;25067.04667;31916.10917
45.33;24283.33333;25058.77623;31930.4429
45.42;24272.91667;25050.24076;31944.51159
45.5;24262.5;25041.44161;31958.31661
45.58;24252.08333;25032.38013;31971.85929
45.67;24241.66667;25023.05767;31985.141
45.75;24231.25;25013.47558;31998.16308
45.83;24220.83333;25003.63522;32010.92688
45.92;24210.41667;24993.53793;32023.43376
46;24200;24983.18506;32035.68506
46.08;24189.58333;24972.57797;32047.68214
46.17;24179.16667;24961.71801;32059.42634
46.25;24168.75;24950.60652;32070.91902
46.33;24158.33333;24939.24486;32082.16153
46.42;24147.91667;24927.63438;32093.15521
46.5;24137.5;24915.77643;32103.90143
46.58;24127.08333;24903.67236;32114.40153
46.67;24116.66667;24891.32352;32124.65685
46.75;24106.25;24878.73126;32134.66876
46.83;24095.83333;24865.89694;32144.43861
46.92;24085.41667;24852.8219;32153.96773
47;24075;24839.50749;32163.25749
47.08;24064.58333;24825.95507;32172.30924
47.17;24054.16667;24812.16599;32181.12432
47.25;24043.75;24798.14159;32189.70409
47.33;24033.33333;24783.88323;32198.0499
47.42;24022.91667;24769.39226;32206.1631
47.5;24012.5;24754.67003;32214.04503
47.58;24002.08333;24739.71789;32221.69706
47.67;23991.66667;24724.53719;32229.12052
47.75;23981.25;24709.12928;32236.31678
47.83;23970.83333;24693.49552;32243.28718
47.92;23960.41667;24677.63725;32250.03308
48;23950;24661.55582;32256.55582
48.08;23939.58333;24645.25259;32262.85675
48.17;23929.16667;24628.7289;32268.93724
48.25;23918.75;24611.98611;32274.79861
48.33;23908.33333;24595.02557;32280.44224
48.42;23897.91667;24577.84863;32285.86946
48.5;23887.5;24560.45664;32291.08164
48.58;23877.08333;24542.85094;32296.08011
48.67;23866.66667;24525.0329;32300.86624
48.75;23856.25;24507.00386;32305.44136
48.83;23845.83333;24488.76518;32309.80684
48.92;23835.41667;24470.31819;32313.96403
49;23825;24451.66426;32317.91426
49.08;23814.58333;24432.80474;32321.6589
49.17;23804.16667;24413.74097;32325.1993
49.25;23793.75;24394.47431;32328.53681
49.33;23783.33333;24375.0061;32331.67277
49.42;23772.91667;24355.33771;32334.60854
49.5;23762.5;24335.47047;32337.34547
49.58;23752.08333;24315.40575;32339.88491
49.67;23741.66667;24295.14488;32342.22822
49.75;23731.25;24274.68923;32344.37673
49.83;23720.83333;24254.04014;32346.3318
49.92;23710.41667;24233.19896;32348.09479
50;23700;24212.16705;32349.66705
50.08;23686.38889;24190.94575;32351.04992
50.17;23672.77778;24169.53642;32352.24475
50.25;23659.16667;24147.9404;32353.2529
50.33;23645.55556;24126.15905;32354.07572
50.42;23631.94444;24104.19372;32354.71456
50.5;23618.33333;24082.04576;32355.17076
50.58;23604.72222;24059.71652;32355.44569
50.67;23591.11111;24037.20735;32355.54069
50.75;23577.5;24014.51961;32355.45711
50.83;23563.88889;23991.65463;32355.1963
50.92;23550.27778;23968.61378;32354.75961
51;23536.66667;23945.3984;32354.1484
51.08;23523.05555;23922.00985;32353.36402
51.17;23509.44444;23898.44947;32352.4078
51.25;23495.83333;23874.71862;32351.28112
51.33;23482.22222;23850.81865;32349.98531
51.42;23468.61111;23826.7509;32348.52174
51.5;23455;23802.51674;32346.89174
51.58;23441.38889;23778.1175;32345.09667
51.67;23427.77778;23753.55455;32343.13788
51.75;23414.16667;23728.82922;32341.01672
51.83;23400.55555;23703.94288;32338.73455
51.92;23386.94444;23678.89687;32336.29271
52;23373.33333;23653.69255;32333.69255
52.08;23359.72222;23628.33126;32330.93543
52.17;23346.11111;23602.81436;32328.02269
52.25;23332.5;23577.14319;32324.95569
52.33;23318.88889;23551.31911;32321.73578
52.42;23305.27778;23525.34347;32318.3643
52.5;23291.66667;23499.21762;32314.84262
52.58;23278.05555;23472.9429;32311.17207
52.67;23264.44444;23446.52068;32307.35402
52.75;23250.83333;23419.9523;32303.3898
52.83;23237.22222;23393.23911;32299.28078
52.92;23223.61111;23366.38247;32295.0283
53;23210;23339.38372;32290.63372
53.08;23196.38889;23312.24421;32286.09838
53.17;23182.77778;23284.9653;32281.42363
53.25;23169.16666;23257.54833;32276.61084
53.33;23155.55555;23229.99467;32271.66133
53.42;23141.94444;23202.30565;32266.57648
53.5;23128.33333;23174.48263;32261.35763
53.58;23114.72222;23146.52696;32256.00612
53.67;23101.11111;23118.43999;32250.52332
53.75;23087.5;23090.22307;32244.91057
53.83;23073.88889;23061.87755;32239.16922
53.92;23060.27778;23033.40479;32233.30062
54;23046.66666;23004.80613;32227.30613
54.08;23033.05555;22976.08292;32221.18709
54.17;23019.44444;22947.23652;32214.94486
54.25;23005.83333;22918.26828;32208.58078
54.33;22992.22222;22889.17955;32202.09621
54.42;22978.61111;22859.97167;32195.4925
54.5;22965;22830.646;32188.771
54.58;22951.38889;22801.20389;32181.93306
54.67;22937.77777;22771.64669;32174.98002
54.75;22924.16666;22741.97575;32167.91325
54.83;22910.55555;22712.19242;32160.73409
54.92;22896.94444;22682.29806;32153.4439
55;22883.33333;22652.29401;32146.04401
55.08;22855.55555;22622.18163;32138.53579
55.17;22827.77777;22591.96226;32130.92059
55.25;22800;22561.63726;32123.19976
55.33;22772.22222;22531.20797;32115.37464
55.42;22744.44444;22500.67575;32107.44658
55.5;22716.66666;22470.04195;32099.41695
55.58;22688.88889;22439.30792;32091.28709
55.67;22661.11111;22408.47501;32083.05835
55.75;22633.33333;22377.54457;32074.73207
55.83;22605.55555;22346.51796;32066.30962
55.92;22577.77778;22315.39651;32057.79235
56;22550;22284.18159;32049.18159
56.08;22522.22222;22252.87455;32040.47871
56.17;22494.44444;22221.47673;32031.68506
56.25;22466.66667;22189.98948;32022.80198
56.33;22438.88889;22158.41416;32013.83083
56.42;22411.11111;22126.75212;32004.77296
56.5;22383.33333;22095.00471;31995.62971
56.58;22355.55555;22063.17328;31986.40245
56.67;22327.77778;22031.25918;31977.09251
56.75;22300;21999.26376;31967.70126
56.83;22272.22222;21967.18837;31958.23004
56.92;22244.44444;21935.03437;31948.6802
57;22216.66667;21902.80309;31939.05309
57.08;22188.88889;21870.49591;31929.35007
57.17;22161.11111;21838.11415;31919.57249
57.25;22133.33333;21805.65919;31909.72169
57.33;22105.55556;21773.13236;31899.79902
57.42;22077.77778;21740.53501;31889.80585
57.5;22050;21707.86851;31879.74351
57.58;22022.22222;21675.1342;31869.61336
57.67;21994.44444;21642.33342;31859.41676
57.75;21966.66667;21609.46754;31849.15504
57.83;21938.88889;21576.5379;31838.82956
57.92;21911.11111;21543.54585;31828.44168
58;21883.33333;21510.49274;31817.99274
58.08;21855.55556;21477.37993;31807.4841
58.17;21827.77778;21444.20877;31796.9171
58.25;21800;21410.9806;31786.2931
58.33;21772.22222;21377.69677;31775.61344
58.42;21744.44445;21344.35865;31764.87948
58.5;21716.66667;21310.96757;31754.09257
58.58;21688.88889;21277.52489;31743.25406
58.67;21661.11111;21244.03196;31732.3653
58.75;21633.33334;21210.49013;31721.42764
58.83;21605.55556;21176.90076;31710.44243
58.92;21577.77778;21143.26519;31699.41102
59;21550;21109.58477;31688.33477
59.08;21522.22222;21075.86085;31677.21502
59.17;21494.44445;21042.09479;31666.05312
59.25;21466.66667;21008.28793;31654.85043
59.33;21438.88889;20974.44164;31643.6083
59.42;21411.11111;20940.55725;31632.32808
59.5;21383.33334;20906.63611;31621.01111
59.58;21355.55556;20872.67959;31609.65876
59.67;21327.77778;20838.68903;31598.27236
59.75;21300;20804.66577;31586.85327
59.83;21272.22223;20770.61118;31575.40285
59.92;21244.44445;20736.5266;31563.92244
60;21216.66667;20702.41339;31552.41339
60.08;21134.44445;20668.27289;31540.87705
60.17;21052.22223;20634.10645;31529.31478
60.25;20970;20599.91543;31517.72793
60.33;20887.77778;20565.70117;31506.11784
60.42;20805.55556;20531.46504;31494.48587
60.5;20723.33334;20497.20837;31482.83337
60.58;20641.11111;20462.93252;31471.16169
60.67;20558.88889;20428.63884;31459.47217
60.75;20476.66667;20394.32868;31447.76618
60.83;20394.44445;20360.00339;31436.04506
60.92;20312.22222;20325.66433;31424.31016
61;20230;20291.31283;31412.56283
61.08;20147.77778;20256.95026;31400.80443
61.17;20065.55556;20222.57797;31389.0363
61.25;19983.33334;20188.1973;31377.2598
61.33;19901.11111;20153.80961;31365.47628
61.42;19818.88889;20119.41625;31353.68708
61.5;19736.66667;20085.01856;31341.89356
61.58;19654.44445;20050.6179;31330.09707
61.67;19572.22222;20016.21563;31318.29896
61.75;19490;19981.81308;31306.50058
61.83;19407.77778;19947.41161;31294.70328
61.92;19325.55556;19913.01258;31282.90841
62;19243.33333;19878.61733;31271.11733
62.08;19161.11111;19844.22721;31259.33138
62.17;19078.88889;19809.84358;31247.55191
62.25;18996.66667;19775.46778;31235.78028
62.33;18914.44444;19741.10117;31224.01784
62.42;18832.22222;19706.7451;31212.26593
62.5;18750;19672.40092;31200.52592
62.58;18667.77778;19638.06997;31188.79914
62.67;18585.55556;19603.75361;31177.08695
62.75;18503.33333;19569.4532;31165.3907
62.83;18421.11111;19535.17007;31153.71174
62.92;18338.88889;19500.90559;31142.05142
63;18256.66667;19466.6611;31130.4111
63.08;18174.44444;19432.43795;31118.79212
63.17;18092.22222;19398.2375;31107.19584
63.25;18010;19364.0611;31095.6236
63.33;17927.77778;19329.91009;31084.07675
63.42;17845.55555;19295.78582;31072.55666
63.5;17763.33333;19261.68966;31061.06466
63.58;17681.11111;19227.62294;31049.60211
63.67;17598.88889;19193.58703;31038.17036
63.75;17516.66667;19159.58326;31026.77076
63.83;17434.44444;19125.613;31015.40466
63.92;17352.22222;19091.67758;31004.07342
64;17270;19057.77837;30992.77837
64.08;17187.77778;19023.91672;30981.52088
64.17;17105.55555;18990.09396;30970.3023
64.25;17023.33333;18956.31147;30959.12397
64.33;16941.11111;18922.57058;30947.98724
64.42;16858.88889;18888.87264;30936.89348
64.5;16776.66666;18855.21902;30925.84402
64.58;16694.44444;18821.61105;30914.84022
64.67;16612.22222;18788.05009;30903.88343
64.75;16530;18754.5375;30892.975
64.83;16447.77777;18721.07461;30882.11628
64.92;16365.55555;18687.66278;30871.30862
65;16283.33333;18654.30337;30860.55337
65.08;16267.22222;18620.99772;30849.85189
65.17;16251.11111;18587.74719;30839.20552
65.25;16235;18554.55312;30828.61562
65.33;16218.88889;18521.41687;30818.08354
65.42;16202.77778;18488.33978;30807.61062
65.5;16186.66666;18455.32322;30797.19822
65.58;16170.55555;18422.36852;30786.84768
65.67;16154.44444;18389.47704;30776.56037
65.75;16138.33333;18356.65013;30766.33763
65.83;16122.22222;18323.88914;30756.1808
65.92;16106.11111;18291.19542;30746.09125
66;16090;18258.57032;30736.07032
66.08;16073.88889;18226.0152;30726.11937
66.17;16057.77778;18193.53141;30716.23974
66.25;16041.66667;18161.12028;30706.43278
66.33;16025.55555;18128.78319;30696.69986
66.42;16009.44444;18096.52147;30687.0423
66.5;15993.33333;18064.33648;30677.46148
66.58;15977.22222;18032.22956;30667.95873
66.67;15961.11111;18000.20208;30658.53541
66.75;15945;17968.25538;30649.19288
66.83;15928.88889;17936.3908;30639.93247
66.92;15912.77778;17904.60971;30630.75555
67;15896.66667;17872.91345;30621.66345
67.08;15880.55556;17841.30338;30612.65755
67.17;15864.44444;17809.78084;30603.73917
67.25;15848.33333;17778.34718;30594.90968
67.33;15832.22222;17747.00376;30586.17043
67.42;15816.11111;17715.75193;30577.52276
67.5;15800;17684.59303;30568.96803
67.58;15783.88889;17653.52842;30560.50759
67.67;15767.77778;17622.55945;30552.14279
67.75;15751.66667;17591.68748;30543.87498
67.83;15735.55556;17560.91384;30535.7055
67.92;15719.44445;17530.23989;30527.63573
68;15703.33333;17499.66699;30519.66699
68.08;15687.22222;17469.19648;30511.80064
68.17;15671.11111;17438.82971;30504.03804
68.25;15655;17408.56804;30496.38054
68.33;15638.88889;17378.41281;30488.82948
68.42;15622.77778;17348.36538;30481.38622
68.5;15606.66667;17318.4271;30474.0521
68.58;15590.55556;17288.59932;30466.82848
68.67;15574.44445;17258.88338;30459.71672
68.75;15558.33334;17229.28065;30452.71815
68.83;15542.22222;17199.79246;30445.83413
68.92;15526.11111;17170.42018;30439.06601
69;15510;17141.16515;30432.41515
69.08;15493.88889;17112.02872;30425.88289
69.17;15477.77778;17083.01225;30419.47058
69.25;15461.66667;17054.11708;30413.17958
69.33;15445.55556;17025.34457;30407.01124
69.42;15429.44445;16996.69606;30400.9669
69.5;15413.33334;16968.17291;30395.04791
69.58;15397.22223;16939.77647;30389.25564
69.67;15381.11111;16911.50809;30383.59142
69.75;15365;16883.36912;30378.05662
69.83;15348.88889;16855.36091;30372.65257
69.92;15332.77778;16827.48481;30367.38064
70;15316.66667;16799.74217;30362.24217
70.08;15309.30556;16772.13434;30357.23851
70.17;15301.94445;16744.66268;30352.37102
70.25;15294.58334;16717.32853;30347.64104
70.33;15287.22223;16690.13325;30343.04992
70.42;15279.86111;16663.07819;30338.59902
70.5;15272.5;16636.16469;30334.28969
70.58;15265.13889;16609.39411;30330.12328
70.67;15257.77778;16582.7678;30326.10114
70.75;15250.41667;16556.28711;30322.22461
70.83;15243.05556;16529.95339;30318.49506
70.92;15235.69445;16503.76799;30314.91383
71;15228.33334;16477.73227;30311.48227
71.08;15220.97222;16451.84756;30308.20173
71.17;15213.61111;16426.11523;30305.07356
71.25;15206.25;16400.53663;30302.09913
71.33;15198.88889;16375.1131;30299.27976
71.42;15191.52778;16349.84599;30296.61683
71.5;15184.16667;16324.73666;30294.11167
71.58;15176.80556;16299.78647;30291.76563
71.67;15169.44445;16274.99675;30289.58008
71.75;15162.08334;16250.36886;30287.55636
71.83;15154.72222;16225.90414;30285.69581
71.92;15147.36111;16201.60397;30283.9998
72;15140;16177.46967;30282.46967
72.08;15132.63889;16153.5026;30281.10677
72.17;15125.27778;16129.70412;30279.91246
72.25;15117.91667;16106.07558;30278.88808
72.33;15110.55556;16082.61832;30278.03499
72.42;15103.19445;16059.33369;30277.35453
72.5;15095.83334;16036.22306;30276.84806
72.58;15088.47222;16013.28776;30276.51692
72.67;15081.11111;15990.52915;30276.36248
72.75;15073.75;15967.94857;30276.38607
72.83;15066.38889;15945.54739;30276.58906
72.92;15059.02778;15923.32695;30276.97279
73;15051.66667;15901.2886;30277.5386
73.08;15044.30556;15879.4337;30278.28787
73.17;15036.94445;15857.76359;30279.22192
73.25;15029.58333;15836.27962;30280.34212
73.33;15022.22222;15814.98315;30281.64981
73.42;15014.86111;15793.87552;30283.14635
73.5;15007.5;15772.95809;30284.83309
73.58;15000.13889;15752.23221;30286.71138
73.67;14992.77778;15731.69923;30288.78256
73.75;14985.41667;15711.36049;30291.04799
73.83;14978.05556;15691.21736;30293.50903
73.92;14970.69445;15671.27118;30296.16701
74;14963.33333;15651.5233;30299.0233
74.08;14955.97222;15631.97507;30302.07924
74.17;14948.61111;15612.62784;30305.33618
74.25;14941.25;15593.48297;30308.79547
74.33;14933.88889;15574.54181;30312.45848
74.42;14926.52778;15555.8057;30316.32653
74.5;14919.16667;15537.276;30320.401
74.58;14911.80556;15518.95405;30324.68322
74.67;14904.44444;15500.84122;30329.17455
74.75;14897.08333;15482.93884;30333.87634
74.83;14889.72222;15465.24827;30338.78994
74.92;14882.36111;15447.77087;30343.9167
75;14875;15430.50797;30349.25797
75.08;14875.27778;15413.46094;30354.81511
75.17;14875.55556;15396.63112;30360.58946
75.25;14875.83333;15380.01987;30366.58237
75.33;14876.11111;15363.62853;30372.7952
75.42;14876.38889;15347.45846;30379.22929
75.5;14876.66667;15331.511;30385.886
75.58;14876.94444;15315.78751;30392.76668
75.67;14877.22222;15300.28934;30399.87267
75.75;14877.5;15285.01784;30407.20534
75.83;14877.77778;15269.97436;30414.76602
75.92;14878.05556;15255.16025;30422.55608
76;14878.33333;15240.57686;30430.57686
76.08;14878.61111;15226.22554;30438.82971
76.17;14878.88889;15212.10765;30447.31598
76.25;14879.16667;15198.22453;30456.03703
76.33;14879.44445;15184.57753;30464.9942
76.42;14879.72222;15171.16801;30474.18885
76.5;14880;15157.99732;30483.62232
76.58;14880.27778;15145.06681;30493.29597
76.67;14880.55556;15132.37782;30503.21115
76.75;14880.83333;15119.93171;30513.36921
76.83;14881.11111;15107.72984;30523.7715
76.92;14881.38889;15095.77354;30534.41937
77;14881.66667;15084.06417;30545.31417
77.08;14881.94445;15072.60309;30556.45726
77.17;14882.22222;15061.39164;30567.84998
77.25;14882.5;15050.43118;30579.49368
77.33;14882.77778;15039.72304;30591.38971
77.42;14883.05556;15029.2686;30603.53943
77.5;14883.33334;15019.06919;30615.94419
77.58;14883.61111;15009.12617;30628.60534
77.67;14883.88889;14999.44089;30641.52422
77.75;14884.16667;14990.01469;30654.70219
77.83;14884.44445;14980.84894;30668.1406
77.92;14884.72222;14971.94497;30681.84081
78;14885;14963.30415;30695.80415
78.08;14885.27778;14954.92782;30710.03199
78.17;14885.55556;14946.81733;30724.52567
78.25;14885.83334;14938.97404;30739.28654
78.33;14886.11111;14931.39929;30754.31596
78.42;14886.38889;14924.09444;30769.61527
78.5;14886.66667;14917.06083;30785.18583
78.58;14886.94445;14910.29982;30801.02899
78.67;14887.22222;14903.81276;30817.1461
78.75;14887.5;14897.601;30833.5385
78.83;14887.77778;14891.66589;30850.20755
78.92;14888.05556;14886.00877;30867.15461
79;14888.33334;14880.63101;30884.38101
79.08;14888.61111;14875.53396;30901.88812
79.17;14888.88889;14870.71895;30919.67728
79.25;14889.16667;14866.18735;30937.74985
79.33;14889.44445;14861.9405;30956.10717
79.42;14889.72223;14857.97976;30974.75059
79.5;14890;14854.30647;30993.68147
79.58;14890.27778;14850.92199;31012.90116
79.67;14890.55556;14847.82767;31032.41101
79.75;14890.83334;14845.02486;31052.21236
79.83;14891.11111;14842.51491;31072.30658
79.92;14891.38889;14840.29917;31092.695
80;14891.66667;14838.37899;31113.37899